id;area;title;risk;effort;description;business_risk;check;sources;pingcastle;certipy;remediation;impact;mitre
PRV-01;AD – Konta uprzywilejowane;Minimalna liczba członków grup uprzywilejowanych (T0);Krytyczne;Średni;Grupy Domain/Enterprise/Schema Admins, Administrators, Account/Server/Backup/Print Operators, DnsAdmins, Group Policy Creator Owners, Key Admins zawierają tylko niezbędne, imienne konta administracyjne.;Każde konto w tych grupach to pełna kontrola nad domeną. Im więcej takich kont, tym większa szansa, że atakujący przejmie któreś z nich.;"PingCastle: sekcja Privileged Groups. BloodHound: członkowie grup Tier 0 (także zagnieżdżeni).
Get-ADGroupMember ""Domain Admins"" -Recursive | Select Name,ObjectClass";PingCastle, BloodHound, PowerShell;P-AdminNum,P-OperatorsEmpty;;"1. Zinwentaryzuj członków (także zagnieżdżonych) i ich uzasadnienie.
2. Usuń konta osób, które nie administrują domeną; zadania delegowane przenieś do grup z delegacją na OU.
3. Grupy Operators (Account/Server/Backup/Print) pozostaw puste.
4. Członkostwo zarządzaj przez grupy PAM (np. PAM-T0-…) i proces JIT/zatwierdzania.
5. Monitoruj zmiany (4728/4732/4756) w SIEM.";Przed usunięciem sprawdź, czy konto nie jest używane przez usługę lub zadanie.;T1078.002
PRV-02;AD – Konta uprzywilejowane;Konta serwisowe poza grupami uprzywilejowanymi;Krytyczne;Średni;"Konta usługowe (aplikacje, backup, monitoring) nie są członkami grup T0; tam gdzie to możliwe używane są gMSA.";Hasła kont serwisowych rzadko się zmieniają i często są znane wielu osobom – takie konto w grupie Domain Admins to prosta droga do przejęcia domeny.;PingCastle: konta serwisowe w grupach admin. BloodHound: konta z SPN będące członkami T0.;PingCastle, BloodHound;P-ServiceDomainAdmin;;"1. Dla każdego konta ustal faktycznie potrzebne uprawnienia (zwykle lokalny admin na kilku serwerach lub delegacja na OU).
2. Nadaj uprawnienia minimalne, usuń z grup T0.
3. Migruj na gMSA: New-ADServiceAccount -Name svcApp -DNSHostName svcApp.<domena> -PrincipalsAllowedToRetrieveManagedPassword <grupa_serwerów>
4. Jeśli gMSA niemożliwe: hasło ≥ 25 znaków, rotacja, FGPP, logowanie ograniczone do serwerów aplikacji.";Wymaga testów z właścicielem aplikacji.;T1078.002
PRV-03;AD – Konta uprzywilejowane;Konta uprzywilejowane oznaczone jako „wrażliwe, nie mogą być delegowane”;Wysokie;Niski;Flaga NOT_DELEGATED na kontach administracyjnych uniemożliwia wykorzystanie ich poświadczeń przez delegację Kerberos.;Bez tej flagi przejęty serwer z delegacją może podszyć się pod administratora domeny.;PingCastle: Privileged Accounts – delegation. PowerShell: Get-ADUser -Filter {AdminCount -eq 1 -and AccountNotDelegated -eq $false};PingCastle, PowerShell;P-Delegated;;"Set-ADAccountControl -Identity <konto> -AccountNotDelegated $true (dla wszystkich kont osób w T0/T1).
Alternatywnie dodaj konta do Protected Users (PRV-04).";;T1558
PRV-04;AD – Konta uprzywilejowane;Konta administratorów w grupie Protected Users;Wysokie;Średni;Protected Users wymusza: brak NTLM, brak delegacji, brak RC4/DES, TGT 4 h, brak buforowania poświadczeń.;Znacząco utrudnia kradzież i ponowne użycie poświadczeń administratorów (pass-the-hash, delegacja).;"PingCastle: Protected Users. Get-ADGroupMember ""Protected Users""";PingCastle, PowerShell;P-ProtectedUsers;;"1. Dodaj imienne konta administratorów T0 (NIE konta serwisowe ani komputery).
2. Najpierw pilotaż na 1–2 kontach: sprawdź logowanie RDP, narzędzia używające NTLM.
3. Zapewnij konto awaryjne (break-glass) poza grupą.";Konta w grupie nie zalogują się przez NTLM ani z cache – przetestuj scenariusze administracyjne.;T1550
PRV-05;AD – Konta uprzywilejowane;Brak SPN na kontach uprzywilejowanych (Kerberoasting);Krytyczne;Niski;Konta z uprawnieniami T0 nie mają atrybutu servicePrincipalName.;Każdy użytkownik domeny może pobrać bilet dla konta z SPN i łamać jego hasło offline – jeśli to administrator, oznacza to przejęcie domeny.;"PingCastle: Kerberoasting admin. BloodHound: Kerberoastable members of high value groups. Certipy/BH: kerberoastable.
Get-ADUser -Filter {AdminCount -eq 1 -and ServicePrincipalName -like '*'} -Properties ServicePrincipalName";PingCastle, BloodHound, PowerShell;P-Kerberoasting;;"1. Usuń zbędne SPN (Set-ADUser <konto> -ServicePrincipalNames @{Remove='…'}).
2. Jeśli SPN jest potrzebny – usuń konto z grup uprzywilejowanych (PRV-02) lub migruj na gMSA.
3. Natychmiast zmień hasło takiego konta (długie, losowe).";;T1558.003
PRV-06;AD – Konta uprzywilejowane;Wbudowane konto Administrator nieużywane i zabezpieczone;Wysokie;Niski;Konto RID-500 nie jest używane na co dzień, ma długie losowe hasło w sejfie, flagę „sensitive”, a jego użycie jest monitorowane.;"Wspólne konto bez rozliczalności; często ma stare hasło znane wielu osobom.";PingCastle: Native Administrator recently used. Get-ADUser -Identity <RID500> -Properties LastLogonDate,PasswordLastSet;PingCastle, PowerShell;P-AdminLogin;;"1. Zmień hasło (≥ 30 znaków, sejf, procedura break-glass).
2. Ustaw AccountNotDelegated, rozważ Smart card required.
3. Alert w SIEM na każde logowanie (4624 TargetSid kończący się -500).";;T1078.002
PRV-07;AD – Konta uprzywilejowane;Schema Admins i Enterprise Admins puste na co dzień;Średnie;Niski;Członkostwo nadawane tylko na czas zmian schematu / operacji na poziomie lasu.;Ogranicza liczbę kont zdolnych do zmian w całym lesie.;"PingCastle: Schema Admins not empty. Get-ADGroupMember ""Schema Admins""";PingCastle, PowerShell;P-SchemaAdmin;;"Usuń członków; dodawaj czasowo (np. przez PAM / Temporary Group Membership: Add-ADGroupMember -MemberTimeToLive przy włączonej funkcji Privileged Access Management).";;T1078.002
PRV-08;AD – Konta uprzywilejowane;Hasło krbtgt zmieniane regularnie;Wysokie;Niski;Hasło konta krbtgt zmieniane co najmniej co 180 dni oraz po każdym incydencie T0.;Znajomość hasła krbtgt pozwala tworzyć „złote bilety” – pełny, trudny do wykrycia dostęp do domeny.;PingCastle: Krbtgt password last change. Get-ADUser krbtgt -Properties PasswordLastSet;PingCastle, PowerShell;A-Krbtgt;;"1. Użyj skryptu Microsoft New-KrbtgtKeys.ps1 (tryb symulacji, potem właściwy).
2. Drugi reset po czasie ≥ maksymalnego życia TGT (domyślnie 10 h) i po pełnej replikacji.
3. Zaplanuj rotację cyklicznie (np. co 180 dni).";Zbyt szybki podwójny reset może unieważnić bilety i przerwać uwierzytelnianie.;T1558.001
PRV-09;AD – Konta uprzywilejowane;Grupa DnsAdmins pusta lub ściśle kontrolowana;Wysokie;Niski;Członkowie DnsAdmins mogą załadować dowolną bibliotekę DLL do usługi DNS działającej na DC.;Faktycznie równoważne uprawnieniom administratora domeny.;PingCastle: DnsAdmins. Get-ADGroupMember DnsAdmins;PingCastle, PowerShell;P-DNSAdmin;;"Usuń członków; zarządzanie DNS deleguj przez uprawnienia do stref zamiast członkostwa w DnsAdmins.";;T1574.002
PRV-10;AD – Konta uprzywilejowane;Oddzielne konta administracyjne i codzienne;Wysokie;Średni;Administratorzy używają osobnych kont do pracy biurowej i do administracji (per warstwa T0/T1/T2).;Kliknięcie w phishing na koncie z uprawnieniami admina = natychmiastowe przejęcie środowiska.;Przegląd: konta imienne w grupach admin z włączoną skrzynką pocztową / logowaniem na stacje biurowe.;Ręcznie, BloodHound;;;"1. Utwórz konta adm-t0-/adm-t1-/adm-t2- zgodnie z konwencją.
2. Konta admin bez skrzynek pocztowych i bez dostępu do internetu.
3. Codzienne konta usuń z grup uprzywilejowanych.";;T1078
KRB-01;AD – Kerberos i delegacje;Brak delegacji nieograniczonej poza kontrolerami domeny;Krytyczne;Średni;Tylko DC mają TRUSTED_FOR_DELEGATION.;Serwer z delegacją nieograniczoną przechowuje bilety TGT łączących się użytkowników – w połączeniu z wymuszeniem uwierzytelnienia DC daje przejęcie domeny.;"PingCastle: Unconstrained delegation. BloodHound: Unconstrained Delegation Systems.
Get-ADComputer -Filter {TrustedForDelegation -eq $true -and PrimaryGroupID -ne 516}";PingCastle, BloodHound, PowerShell;P-UnconstrainedDelegation;;"1. Ustal, która aplikacja wymaga delegacji.
2. Zamień na delegację ograniczoną (Kerberos only) lub RBCD do konkretnych usług.
3. Set-ADComputer <host> -TrustedForDelegation $false
4. Konta uprzywilejowane oznacz jako sensitive / Protected Users.";Testy z właścicielem aplikacji (np. IIS double-hop).;T1558
KRB-02;AD – Kerberos i delegacje;Przegląd delegacji ograniczonej i RBCD;Wysokie;Średni;Delegacje (msDS-AllowedToDelegateTo, msDS-AllowedToActOnBehalfOfOtherIdentity) wskazują tylko potrzebne usługi, nigdy usługi na DC/T0.;Delegacja do usług na DC (np. LDAP, CIFS) pozwala przejąć DC.;BloodHound: AllowedToDelegate, AllowedToAct. Get-ADObject -Filter {msDS-AllowedToDelegateTo -like '*'} -Properties msDS-AllowedToDelegateTo;BloodHound, PowerShell;;;"Usuń delegacje do usług T0; delegacje „protocol transition” (TrustedToAuthForDelegation) ogranicz do niezbędnych; ogranicz, kto może zapisywać msDS-AllowedToActOnBehalfOfOtherIdentity.";;T1134.001
KRB-03;AD – Kerberos i delegacje;Konta z SPN mają silne hasła lub są gMSA;Wysokie;Średni;Wszystkie konta użytkowników z SPN mają hasło ≥ 25 znaków, rotowane, obsługują AES.;Słabe hasło konta usługowego można złamać offline po Kerberoastingu.;BloodHound: Kerberoastable users. Get-ADUser -Filter {ServicePrincipalName -like '*'} -Properties PasswordLastSet,msDS-SupportedEncryptionTypes;BloodHound, PowerShell;;;"Migracja na gMSA; w przeciwnym razie reset na długie losowe hasło, msDS-SupportedEncryptionTypes = 0x18 (AES), usunięcie nieużywanych SPN.";;T1558.003
KRB-04;AD – Kerberos i delegacje;Brak kont bez preautentykacji Kerberos (AS-REP roasting);Wysokie;Niski;Żadne konto nie ma flagi DONT_REQ_PREAUTH.;Dla takich kont można pobrać materiał do łamania hasła bez żadnego uwierzytelnienia.;PingCastle: Accounts without pre-authentication. Get-ADUser -Filter {DoesNotRequirePreAuth -eq $true};PingCastle, BloodHound, PowerShell;S-NoPreAuth,S-NoPreAuthAdmin;;"Set-ADAccountControl -Identity <konto> -DoesNotRequirePreAuth $false; zmień hasło konta.";;T1558.004
KRB-05;AD – Kerberos i delegacje;Wyłączone RC4 i DES w Kerberos;Średnie;Wysoki;Dozwolone tylko AES128/AES256.;RC4 ułatwia łamanie haseł (Kerberoasting) i ataki typu overpass-the-hash.;PingCastle: DES enabled. Zdarzenia 4769/4768 z TicketEncryptionType 0x17 (RC4) / 0x1,0x3 (DES) w SIEM.;PingCastle, SIEM;S-DesEnabled;;"1. Audyt: znajdź konta i usługi korzystające z RC4 (4769 z 0x17).
2. Konta z hasłami sprzed poziomu 2008 – reset hasła (by miały klucze AES).
3. GPO: Network security: Configure encryption types allowed for Kerberos = AES128, AES256, Future.
4. Ustaw msDS-SupportedEncryptionTypes na kontach usługowych.
Microsoft stopniowo wycofuje RC4 – sprawdź aktualny harmonogram.";Stare aplikacje/urządzenia (NAS, Java, Linux keytaby) mogą przestać działać – najpierw audyt.;T1558
KRB-06;AD – Kerberos i delegacje;ms-DS-MachineAccountQuota = 0;Średnie;Niski;Zwykli użytkownicy nie mogą dodawać komputerów do domeny.;Domyślnie każdy użytkownik może dodać 10 kont komputerów – wykorzystywane w atakach RBCD, noPac, relay.;Get-ADObject (Get-ADDomain).DistinguishedName -Properties ms-DS-MachineAccountQuota;PowerShell, BloodHound;;;"Set-ADDomain -Identity <domena> -Replace @{""ms-DS-MachineAccountQuota""=""0""}
Uprawnienie do dołączania komputerów deleguj grupie serwisowej na konkretne OU.";Sprawdź, czy proces dołączania stacji (np. SCCM/Autopilot/ręcznie przez helpdesk) nie korzysta z quota.;T1136.002
PWD-01;AD – Hasła i konta;Polityka haseł: długość ≥ 14 (FGPP dla adminów i serwisów);Wysokie;Średni;"Domyślna polityka i FGPP wymuszają długie hasła; konta uprzywilejowane i serwisowe mają silniejsze wymagania.";Krótkie hasła łatwo złamać przez password spraying i ataki offline.;"PingCastle: Password policy – minimum length. Get-ADDefaultDomainPasswordPolicy; Get-ADFineGrainedPasswordPolicy -Filter *";PingCastle, PowerShell;A-MinPwdLen;;"1. Default Domain Policy: min 14 (lub FGPP dla wszystkich użytkowników jeśli nie można zmienić domyślnej).
2. FGPP dla adminów: ≥ 16–20; dla kont serwisowych: ≥ 25.
3. Rozważ listę zakazanych haseł (np. Entra Password Protection on-prem).";Zmiana wymusi nowe hasła przy następnej zmianie – komunikacja do użytkowników.;T1110
PWD-02;AD – Hasła i konta;Brak haseł w Group Policy Preferences (cpassword);Krytyczne;Niski;SYSVOL nie zawiera plików GPP z atrybutem cpassword.;Hasła z GPP są odszyfrowywalne publicznym kluczem – każdy użytkownik domeny może je odczytać.;PingCastle: Password in GPO. findstr /S /I cpassword \\<domena>\SYSVOL\<domena>\Policies\*.xml;PingCastle, PowerShell;A-PwdGPO;;"1. Usuń preferencje zawierające hasła.
2. Zmień hasła wszystkich kont, których hasła były w GPP.
3. Lokalne hasła administratora zarządzaj przez Windows LAPS (PWD-05).";;T1552.006
PWD-03;AD – Hasła i konta;Brak kont z hasłem zapisywanym odwracalnie;Wysokie;Niski;Flaga „Store password using reversible encryption” nie jest ustawiona.;Hasło takiego konta można odczytać w postaci jawnej z bazy AD.;PingCastle: Reversible password. Get-ADUser -Filter {AllowReversiblePasswordEncryption -eq $true};PingCastle, PowerShell;S-Reversible;;"Set-ADUser <konto> -AllowReversiblePasswordEncryption $false i wymuś zmianę hasła; sprawdź polityki FGPP.";;T1003.006
PWD-04;AD – Hasła i konta;Brak kont z PasswordNotRequired;Średnie;Niski;Żadne włączone konto nie ma flagi PASSWD_NOTREQD.;Konto może mieć puste hasło.;PingCastle: Password not required. Get-ADUser -Filter {PasswordNotRequired -eq $true -and Enabled -eq $true};PingCastle, PowerShell;S-PwdNotRequired;;"Set-ADUser <konto> -PasswordNotRequired $false; ustaw hasło.";;T1078
PWD-05;AD – Hasła i konta;Windows LAPS na wszystkich stacjach i serwerach;Krytyczne;Średni;Unikalne, rotowane hasła lokalnych administratorów, z ograniczonym dostępem do odczytu.;Wspólne hasło lokalnego admina pozwala na ruch boczny z jednej przejętej stacji na wszystkie.;PingCastle: LAPS not installed. Pokrycie: Get-ADComputer -Filter * -Properties msLAPS-PasswordExpirationTime. Uprawnienia odczytu: Find-LapsADExtendedRights -Identity <OU>. BloodHound: ReadLAPSPassword.;PingCastle, BloodHound, PowerShell;A-LAPS-Not-Installed;;"1. Update-LapsADSchema; Set-LapsADComputerSelfPermission -Identity <OU>.
2. GPO: Computer Configuration > Administrative Templates > System > LAPS: Configure password backup directory = Active Directory; Password Settings (długość ≥ 20); Enable password encryption (DFL 2016+).
3. Ogranicz prawo odczytu haseł do grup helpdesk/T1 na właściwe OU.
4. Wycofaj legacy LAPS po migracji.";;T1021.002
PWD-06;AD – Hasła i konta;Nieaktywne konta użytkowników i komputerów wyłączone;Średnie;Średni;Konta nieużywane > 90 dni są wyłączane, a po okresie karencji usuwane.;Nieużywane konta to niezauważalny punkt wejścia (np. konta byłych pracowników).;PingCastle: Inactive accounts. Search-ADAccount -AccountInactive -TimeSpan 90.00:00:00 -UsersOnly;PingCastle, PowerShell;S-Inactive,S-C-Inactive;;"Proces JML z HR; automatyczne wyłączanie (skrypt/IAM); przeniesienie do OU Disabled; usuwanie po 30–90 dniach.";;T1078
PWD-07;AD – Hasła i konta;Brak słabych i współdzielonych haseł (audyt hashy);Wysokie;Średni;Okresowy audyt jakości haseł: hasła z list wycieków, identyczne hasła na wielu kontach, puste hasła.;Password spraying i credential stuffing to najczęstszy sposób wejścia do AD.;DSInternals: Get-ADReplAccount -All … | Test-PasswordQuality -WeakPasswordHashesSortedFile <lista>. Uwaga: operacja na hashach – tylko z zatwierdzeniem i na systemie T0.;Ręcznie (DSInternals);;;"Wymuś zmianę haseł kont ze słabymi hasłami; wdroż listę zakazanych haseł; konta z identycznymi hasłami (szczególnie admin/serwis) – natychmiast zmień.";Operacja wymaga uprawnień replikacji – wykonuj zgodnie z procedurą T0.;T1110
PWD-08;AD – Hasła i konta;Brak haseł w atrybutach (description, info);Średnie;Niski;Pola opisowe obiektów nie zawierają haseł.;Każdy użytkownik domeny może odczytać opisy kont.;Get-ADUser -Filter * -Properties Description | ? Description -match 'pass|hasł|pwd';PowerShell, BloodHound;;;Usuń hasła z atrybutów i zmień hasła kont, których dotyczyły.;;T1552
AUTH-01;AD – Protokoły i uwierzytelnianie;NTLMv1 i LM wyłączone;Krytyczne;Średni;"LmCompatibilityLevel = 5 na DC i wszystkich hostach; hash LM nie jest przechowywany.";NTLMv1/LM można złamać w kilka minut – przechwycenie uwierzytelnienia DC przez NTLMv1 to przejęcie domeny.;PingCastle: Old NTLM / LM hash authorized. Zdarzenia 4624 z LmPackageName = NTLM V1.;PingCastle, SIEM;S-OldNtlm,A-LMHashAuthorized;;"1. Audyt: znajdź 4624 z „NTLM V1” (kto jeszcze używa).
2. GPO (DC + wszystkie): Network security: LAN Manager authentication level = Send NTLMv2 response only. Refuse LM & NTLM.
3. GPO: Network security: Do not store LAN Manager hash value on next password change = Enabled.";Stare urządzenia (drukarki, skanery, NAS) mogą przestać się uwierzytelniać.;T1557.001
AUTH-02;AD – Protokoły i uwierzytelnianie;Ograniczanie NTLM (audyt i plan wycofania);Średnie;Wysoki;Włączony audyt NTLM na DC, znane źródła NTLM, ograniczenia dla kont uprzywilejowanych.;NTLM umożliwia relay i pass-the-hash.;"GPO: Network security: Restrict NTLM: Audit NTLM authentication in this domain = Enable all; dziennik Microsoft-Windows-NTLM/Operational (8004).";SIEM, PowerShell;;;"1. Włącz audyt NTLM na DC i serwerach.
2. Zbieraj 8004 w SIEM, identyfikuj aplikacje.
3. Konta T0 w Protected Users (brak NTLM).
4. Stopniowo: Restrict NTLM: Outgoing/Incoming z wyjątkami.";;T1557
AUTH-03;AD – Protokoły i uwierzytelnianie;Wymuszone podpisywanie LDAP na DC;Wysokie;Średni;DC odrzucają niepodpisane powiązania LDAP (simple bind bez TLS, SASL bez podpisu).;Bez podpisu możliwy jest NTLM relay do LDAP – np. nadanie uprawnień lub RBCD i przejęcie serwerów.;"PingCastle: LDAP signing not required. Na DC: zdarzenia 2886/2887/2889 (Directory Service) – włącz rejestrowanie: HKLM\SYSTEM\CurrentControlSet\Services\NTDS\Diagnostics ""16 LDAP Interface Events""=2.";PingCastle, SIEM;A-DCLdapSign;;"1. Audyt klientów wysyłających niepodpisane żądania (2889).
2. GPO dla DC: Domain controller: LDAP server signing requirements = Require signing (w nowszych: Enforce).
3. GPO dla klientów: Network security: LDAP client signing requirements = Negotiate signing.";Aplikacje używające simple bind bez TLS przestaną działać – przejdź na LDAPS.;T1557
AUTH-04;AD – Protokoły i uwierzytelnianie;Wymuszone LDAP channel binding (LDAPS);Wysokie;Średni;LDAPS wymaga powiązania kanału (EPA).;Chroni przed relay na LDAPS.;PingCastle: LDAPS channel binding. Zdarzenie 3039 (klienci nieobsługujący CBT) po włączeniu diagnostyki.;PingCastle, SIEM;A-DCLdapsChannelBinding;;GPO dla DC: Domain controller: LDAP server channel binding token requirements = When supported → po audycie Always.;;T1557
AUTH-05;AD – Protokoły i uwierzytelnianie;Wymuszone podpisywanie SMB (DC, serwery, stacje);Wysokie;Średni;„Digitally sign communications (always)” włączone po stronie serwera i klienta.;Bez podpisu SMB możliwy jest NTLM relay do SMB – wykonanie kodu na serwerach.;PingCastle: SMB signing not required. Skan: nxc smb <zakres> --gen-relay-list (lista hostów bez podpisu).;PingCastle, skaner;A-SMB2SignatureNotRequired,A-SMB2SignatureNotEnabled;;"GPO: Microsoft network server: Digitally sign communications (always) = Enabled; Microsoft network client: Digitally sign communications (always) = Enabled. (Nowe Windows 11 24H2 / Server 2025 mają to domyślnie.)";"Niewielki narzut wydajności na serwerach plików; stare urządzenia NAS mogą wymagać aktualizacji.";T1557.001
AUTH-06;AD – Protokoły i uwierzytelnianie;SMBv1 wyłączony;Wysokie;Niski;Protokół SMBv1 usunięty z DC, serwerów i stacji.;SMBv1 to podatny protokół (EternalBlue/WannaCry).;PingCastle: SMB v1 activated. Get-SmbServerConfiguration | Select EnableSMB1Protocol;PingCastle, PowerShell;S-SMB-v1;;"Disable-WindowsOptionalFeature -Online -FeatureName SMB1Protocol; Set-SmbServerConfiguration -EnableSMB1Protocol $false. Najpierw audyt: Set-SmbServerConfiguration -AuditSmb1Access $true (zdarzenie 3000).";Stare urządzenia skanujące do folderu mogą wymagać SMBv2+.;T1210
AUTH-07;AD – Protokoły i uwierzytelnianie;LLMNR, NBT-NS i mDNS wyłączone;Wysokie;Niski;Hosty nie używają rozgłoszeniowych protokołów rozwiązywania nazw.;Pozwalają atakującemu w sieci lokalnej przechwytywać hashe NTLM (Responder).;PingCastle: LLMNR not disabled. Skan: Responder w trybie analizy.;PingCastle, skaner;A-NoGPOLLMNR;;"LLMNR: GPO Computer > Administrative Templates > Network > DNS Client > Turn off multicast name resolution = Enabled.
NBT-NS: opcja DHCP „Disable NetBIOS over TCP/IP” lub NetbiosOptions=2 (HKLM\SYSTEM\CurrentControlSet\Services\NetBT\Parameters\Interfaces\Tcpip_*).
mDNS: HKLM\SYSTEM\CurrentControlSet\Services\Dnscache\Parameters EnableMDNS=0.";;T1557.001
AUTH-08;AD – Protokoły i uwierzytelnianie;Ochrona przed WPAD i atakami IPv6 (mitm6);Średnie;Średni;"WPAD nie jest rozwiązywany przez rozgłoszenia/DNS; hosty nie przyjmują obcych serwerów DHCPv6/RA.";Atakujący w sieci może stać się bramą/proxy i przechwytywać uwierzytelnienia.;Sprawdź GlobalQueryBlockList na DNS (dnscmd /info /globalqueryblocklist), ustawienia auto-detect proxy, obecność DHCPv6.;Ręcznie, skaner;;;"1. Wpis „wpad” w GlobalQueryBlockList (domyślnie jest – nie usuwaj).
2. Wyłącz automatyczne wykrywanie proxy, jeśli nieużywane.
3. Zablokuj przychodzące DHCPv6/RA z nieautoryzowanych źródeł (RA Guard/DHCPv6 Guard na przełącznikach lub reguły firewall hosta). Nie wyłączaj IPv6 całkowicie – Microsoft tego nie zaleca.";;T1557
AUTH-09;AD – Protokoły i uwierzytelnianie;Brak dostępu anonimowego do AD;Wysokie;Niski;"Grupa Pre-Windows 2000 Compatible Access nie zawiera Anonymous/Everyone; dsHeuristics nie włącza operacji anonimowych.";Anonimowe wyliczanie użytkowników i grup ułatwia rozpoznanie i spraying.;PingCastle: Pre-Windows 2000 / dsHeuristics anonymous.;PingCastle;A-PreWin2000Anonymous,A-PreWin2000Other,A-DsHeuristicsAnonymous;;"Usuń Anonymous Logon / Everyone z Pre-Windows 2000 Compatible Access (zostaw Authenticated Users tylko jeśli wymagane); wyczyść 7. znak dsHeuristics.";Stare aplikacje (NT4-era) mogą tego wymagać – test.;T1087.002
AUTH-10;AD – Protokoły i uwierzytelnianie;Usługa Print Spooler wyłączona na DC;Wysokie;Niski;Spooler zatrzymany i wyłączony na kontrolerach domeny.;Spooler na DC pozwala wymusić uwierzytelnienie DC (PrinterBug) → relay/delegacja → przejęcie domeny.;PingCastle: Spooler on DC. Get-Service -ComputerName <DC> Spooler;PingCastle, PowerShell;A-DC-Spooler;;GPO dla DC: Computer > Windows Settings > Security Settings > System Services > Print Spooler = Disabled.;Czyszczenie przestarzałych drukarek w AD (pruning) na DC przestanie działać – zwykle niepotrzebne.;T1187
AUTH-11;AD – Protokoły i uwierzytelnianie;Ograniczenie wymuszania uwierzytelnienia (coercion);Wysokie;Średni;Zablokowane lub ograniczone interfejsy wykorzystywane do wymuszania uwierzytelnienia (MS-EFSR/PetitPotam, MS-DFSNM, MS-FSRVP) na DC i serwerach T0.;Wymuszenie uwierzytelnienia DC w połączeniu z relay (np. do AD CS ESC8) daje przejęcie domeny.;Skaner (np. Coercer w trybie scan) przeciwko DC i serwerom T0 – tylko za zgodą.;Skaner, ręcznie;;;"1. Filtry RPC (netsh rpc filter) blokujące UUID MS-EFSR (c681d488-d850-11d0-8c52-00c04fd90f7e, df1941c5-fe89-4e79-bf10-463657acf44d) na DC.
2. Wyłącz WebClient na serwerach.
3. Najważniejsze: usuń cele relay – podpis SMB/LDAP (AUTH-03/05), EPA na AD CS (PKI-08).";;T1187
ACL-01;AD – Uprawnienia i ścieżki ataku;Ścieżki ataku do Tier 0 (BloodHound);Krytyczne;Wysoki;Zwykli użytkownicy i komputery nie mają ścieżek przejęcia do grup/systemów T0.;Pokazuje, ilu pracowników po przejęciu jednego konta może zostać administratorem domeny.;"BloodHound: Shortest paths to Domain Admins / to Tier Zero from Domain Users, Domain Computers, Authenticated Users; odsetek użytkowników ze ścieżką do DA.
PingCastle: Control paths (indirect Everyone/many).";BloodHound, PingCastle;P-ControlPathIndirectEveryone,P-ControlPathIndirectMany;;"1. Zidentyfikuj „wąskie gardła” (krawędzie występujące w wielu ścieżkach).
2. Usuń zbędne ACE (GenericAll, WriteDacl, WriteOwner, AddMember, ForceChangePassword) na obiektach T0 i ich kontenerach.
3. Usuń sesje adminów T0 z hostów niższych warstw (TIER-02).
4. Powtórz analizę po zmianach i mierz spadek liczby ścieżek.";"Zmiany ACL testuj na pojedynczych obiektach; dokumentuj stan sprzed zmiany.";T1484, T1098
ACL-02;AD – Uprawnienia i ścieżki ataku;Uprawnienia DCSync tylko dla DC i uzasadnionych kont;Krytyczne;Niski;Prawa DS-Replication-Get-Changes(-All) na obiekcie domeny mają tylko DC i konta synchronizacji (np. Entra Connect) traktowane jako T0.;Konto z DCSync może pobrać hashe wszystkich kont, w tym krbtgt.;BloodHound: DCSync rights. PowerShell/DSACLs na korzeniu domeny.;BloodHound, PowerShell;;;"Usuń nieuzasadnione ACE replikacji; konto Entra Connect (MSOL_/Sync_) traktuj i chroń jak T0 (serwer Entra Connect = T0).";;T1003.006
ACL-03;AD – Uprawnienia i ścieżki ataku;Kontrola edycji GPO linkowanych do DC i T0;Krytyczne;Średni;Tylko administratorzy T0 mogą edytować GPO dotyczące DC/serwerów T0 oraz linkować GPO do tych OU.;Edycja GPO na OU kontrolerów domeny = wykonanie kodu na DC.;"BloodHound: GenericWrite/WriteDacl na GPO; Get-GPPermission -Name <GPO> -All";BloodHound, PowerShell;;;"Uporządkuj uprawnienia GPO (Edit settings/Delete/Modify security) i gPLink na OU T0; oddzielne GPO dla T0.";;T1484.001
ACL-04;AD – Uprawnienia i ścieżki ataku;Właściciele obiektów T0 to administratorzy T0;Wysokie;Niski;Owner obiektów DC, grup T0 i kont admin to Domain Admins/Administrators.;Właściciel obiektu może zmienić jego uprawnienia.;PingCastle: DC owner. BloodHound: Owns.;PingCastle, BloodHound;P-DCOwner;;Zmień właściciela na Domain Admins (dsa.msc > Security > Advanced > Owner) lub przez Set-Acl.;;T1222.001
ACL-05;AD – Uprawnienia i ścieżki ataku;Uprawnienia Exchange w AD ograniczone;Krytyczne;Średni;Grupy Exchange (Exchange Windows Permissions, Exchange Trusted Subsystem) nie mają WriteDACL na obiekcie domeny.;Historyczne uprawnienia Exchange pozwalały na eskalację do DCSync (PrivExchange).;PingCastle: Exchange privilege escalation. BloodHound: WriteDacl na domenie od grup Exchange.;PingCastle, BloodHound;P-ExchangePrivEsc;;"Zastosuj aktualne CU Exchange i uruchom /PrepareAD; rozważ Split Permissions; usuń WriteDACL z obiektu domeny.";;T1098
ACL-06;AD – Uprawnienia i ścieżki ataku;Kontrola zapisu msDS-KeyCredentialLink (Shadow Credentials);Wysokie;Niski;Nikt poza uprawnionymi systemami nie może zapisywać msDS-KeyCredentialLink na kontach uprzywilejowanych i komputerach T0.;Zapis tego atrybutu pozwala uwierzytelnić się jako ofiara certyfikatem.;BloodHound: AddKeyCredentialLink.;BloodHound;;;"Usuń nadmiarowe ACE (GenericWrite/WriteProperty) na obiektach; monitoruj 5136 dla atrybutu msDS-KeyCredentialLink.";;T1556
ACL-07;AD – Uprawnienia i ścieżki ataku;Kontrola odczytu haseł gMSA i LAPS;Wysokie;Niski;"Tylko przewidziane hosty mogą pobrać hasło gMSA; tylko właściwe grupy mogą czytać LAPS.";Nadmiarowe uprawnienia = odczyt haseł kont serwisowych/lokalnych adminów.;BloodHound: ReadGMSAPassword, ReadLAPSPassword.;BloodHound;;;"Ogranicz PrincipalsAllowedToRetrieveManagedPassword; popraw rozszerzone prawa LAPS (Find-LapsADExtendedRights).";;T1555
DC-01;AD – Kontrolery domeny i las;Wspierane systemy i aktualne poprawki na DC;Krytyczne;Średni;DC działają na wspieranych wersjach Windows Server i mają bieżące poprawki bezpieczeństwa.;Niezałatane DC są podatne na znane ataki (np. Zerologon, noPac).;PingCastle: DC not updated / Operating systems. Get-ADDomainController -Filter * | Select Name,OperatingSystem;PingCastle, PowerShell;S-DC-NotUpdated;;"Plan aktualizacji comiesięcznych dla DC; migracja DC ze starszych systemów; testy w środowisku przedprodukcyjnym.";;T1210
DC-02;AD – Kontrolery domeny i las;Kopia zapasowa AD i przetestowane odtworzenie lasu;Krytyczne;Średni;Regularny backup System State co najmniej 2 DC w domenie, kopie odizolowane, udokumentowana i przetestowana procedura odtworzenia lasu.;Bez sprawdzonej kopii AD atak ransomware lub zniszczenie AD oznacza długie zatrzymanie firmy.;PingCastle: Last AD backup. repadmin /showbackup;PingCastle, PowerShell;A-BackupMetadata;;"Backup System State (np. wbadmin start systemstatebackup) do lokalizacji niedostępnej z domeny; kopie offline/immutable; test odtworzenia lasu w izolowanej sieci co najmniej raz w roku.";;T1490
DC-03;AD – Kontrolery domeny i las;AD Recycle Bin włączony;Niskie;Niski;Funkcja kosza AD włączona w lesie.;Ułatwia szybkie odtworzenie przypadkowo lub złośliwie usuniętych obiektów.;PingCastle: Recycle Bin. Get-ADOptionalFeature 'Recycle Bin Feature';PingCastle, PowerShell;P-RecycleBin;;Enable-ADOptionalFeature 'Recycle Bin Feature' -Scope ForestOrConfigurationSet -Target <las>;Nieodwracalne – ale bezpieczne.;
DC-04;AD – Kontrolery domeny i las;DC bez zbędnych ról i oprogramowania;Wysokie;Średni;Na DC nie działają inne role (serwer plików, druk, aplikacje), ani agenci zarządzani z niższych warstw.;Każda dodatkowa usługa i agent to kolejna droga do przejęcia DC.;"Get-WindowsFeature | ? Installed; lista oprogramowania i usług na DC.";Ręcznie;;;"Przenieś role na serwery członkowskie; agentów zarządzających (AV/EDR/backup/monitoring) zarządzaj z konsol traktowanych jako T0.";;T1210
DC-05;AD – Kontrolery domeny i las;Relacje zaufania: filtrowanie SID, brak nieużywanych trustów;Wysokie;Średni;Zewnętrzne trusty mają SID filtering (quarantine), nieaktywne trusty są usunięte, rozważono selective authentication.;Przejęta zaufana domena może stać się furtką do tej domeny (SID History).;PingCastle: sekcja Trusts. Get-ADTrust -Filter * | Select Name,Direction,SIDFilteringQuarantined,SelectiveAuthentication;PingCastle, PowerShell;T-SIDFiltering,T-Inactive;;"netdom trust <domena> /domain:<zaufana> /quarantine:yes; usuń nieużywane trusty; selective authentication dla trustów z podmiotami zewnętrznymi.";;T1134.005
DC-06;AD – Kontrolery domeny i las;Brak SIDHistory na kontach;Średnie;Niski;Atrybut sIDHistory jest wyczyszczony po zakończonych migracjach.;SIDHistory może ukrywać uprawnienia administratora.;PingCastle: SID History. Get-ADUser -Filter {SIDHistory -like '*'} -Properties SIDHistory;PingCastle, PowerShell;;;Po zakończonej migracji wyczyść: Set-ADUser <konto> -Remove @{SIDHistory='<SID>'}.;Upewnij się, że zasoby w starej domenie nie są już używane.;T1134.005
TIER-01;Model warstwowy;Zdefiniowane zasoby T0 i ich ochrona;Krytyczne;Wysoki;Zidentyfikowane wszystkie systemy T0 (DC, AD CS, ADFS, Entra Connect, backup AD, systemy PAM, hypervisory i storage hostujące DC, konsole zarządzające agentami na DC) i chronione jak DC.;Atakujący nie atakuje DC wprost – przejmuje system, który zarządza DC.;"Przegląd architektury; BloodHound: oznacz obiekty Tier Zero i sprawdź ścieżki do nich.";Ręcznie, BloodHound;;;"1. Lista zasobów T0 z właścicielami.
2. Osobne OU, GPO i konta administracyjne T0.
3. Te same wymagania (poprawki, EDR, logowanie, backup) co dla DC.";;
TIER-02;Model warstwowy;Konta T0 nie logują się na systemy T1/T2;Krytyczne;Średni;GPO (Deny log on…) lub Authentication Policies and Silos uniemożliwiają logowanie kont T0 poza T0.;Logowanie admina T0 na stacji lub serwerze pozostawia jego poświadczenia w pamięci – po przejęciu tego hosta atakujący przejmuje domenę.;BloodHound: sesje kont T0 na hostach T1/T2 (HasSession). SIEM: 4624 kont T0 z hostów spoza T0.;BloodHound, SIEM;;;"GPO dla T1/T2: Deny log on locally, Deny log on through Remote Desktop Services, Deny access from the network, Deny log on as batch/service = grupy T0.
Lepiej: Authentication Policy Silo dla kont T0 (ograniczenie do hostów T0).";Wymaga PAW i przygotowanych ścieżek administracji.;T1078.002
TIER-03;Model warstwowy;Stacje PAW dla administratorów T0;Wysokie;Wysoki;Administracja T0 odbywa się wyłącznie z dedykowanych, utwardzonych stacji (PAW) bez poczty i internetu.;Stacja administratora jest najczęściej atakowanym elementem.;Przegląd: skąd logują się konta T0 (4624 IpAddress/WorkstationName).;SIEM, ręcznie;;;"Wdrożenie PAW (Credential Guard, WDAC, brak uprawnień lokalnych dla użytkownika, dostęp tylko do systemów T0); do czasu wdrożenia – jump host T0.";;
MON-01;Monitoring i audyt;Zaawansowana polityka audytu na DC;Wysokie;Niski;Włączone kategorie audytu potrzebne do wykrywania ataków na AD.;Bez zdarzeń nie da się wykryć ani zbadać ataku.;PingCastle: Audit policy on DC. auditpol /get /category:* na DC.;PingCastle, PowerShell;A-AuditDC;;GPO Default Domain Controllers (Advanced Audit Policy Configuration): Kerberos Authentication Service i Service Ticket Operations (S/F), Credential Validation (S/F), Security Group Management (S), User Account Management (S/F), Computer Account Management (S), Directory Service Changes (S), Directory Service Access (S), Logon (S/F), Special Logon (S), Audit Policy Change (S). Plus: Audit: Force audit policy subcategory settings = Enabled.;Większy wolumen zdarzeń – uwzględnij licencję SIEM.;
MON-02;Monitoring i audyt;Logi DC w SIEM i reguły wykrywania ataków na AD;Wysokie;Średni;"Wszystkie DC wysyłają dziennik Security do SIEM; działają reguły: DCSync, Kerberoasting, zmiany grup T0, zmiany GPO/ACL, logowania kont T0.";Wykrycie w godzinach zamiast miesięcy.;"SIEM: czy każdy DC raportuje; lista aktywnych reguł.";SIEM;;;"Onboarding DC do SIEM; reguły korelacyjne dla 4662 (replikacja), 4769 RC4, 4728/4732/4756, 5136 (GPO/ACL), 4624 kont T0; testy reguł (atomic tests).";;
MON-03;Monitoring i audyt;Logowanie PowerShell na DC i serwerach T0;Średnie;Niski;Script Block Logging i Module Logging włączone.;PowerShell to podstawowe narzędzie atakujących w AD.;PingCastle: PowerShell audit. Zdarzenia 4104 w SIEM.;PingCastle, SIEM;A-AuditPowershell;;"GPO: Administrative Templates > Windows Components > Windows PowerShell > Turn on PowerShell Script Block Logging = Enabled; Turn on Module Logging = Enabled (*).";;T1059.001
MON-04;Monitoring i audyt;Konta-pułapki (honeytokens);Niskie;Niski;Konta-pułapki (np. z SPN, w opisie „admin”) z alertem na każdą aktywność.;Tanie, bardzo wiarygodne wykrycie rozpoznania i Kerberoastingu.;SIEM: reguła na 4769/4624/4771 dla kont-pułapek.;SIEM;;;"Utwórz konto z SPN i atrakcyjną nazwą, bez uprawnień, z długim hasłem; alert na każde żądanie biletu lub logowanie.";;
PKI-01;PKI (AD CS);Brak szablonów, w których wnioskujący podaje podmiot (ESC1);Krytyczne;Niski;Szablony z Client Authentication nie pozwalają zwykłym użytkownikom podawać SAN/podmiotu.;Dowolny użytkownik może uzyskać certyfikat jako administrator domeny.;Certipy: certipy find -u <user>@<domena> -vulnerable -stdout (sekcja ESC1). BloodHound CE: krawędzie AD CS (ESC1).;Certipy, BloodHound, PingCastle;A-CertTempCustomSubject;ESC1;"1. Wyłącz „Supply in the request” (CT_FLAG_ENROLLEE_SUPPLIES_SUBJECT) albo
2. wymagaj zatwierdzenia przez menedżera CA (CA certificate manager approval),
3. ogranicz Enroll do wąskiej grupy,
4. usuń EKU uwierzytelniania, jeśli zbędne.";Sprawdź, które systemy używają szablonu (np. certyfikaty serwerów www).;T1649
PKI-02;PKI (AD CS);Brak szablonów „Any Purpose” / bez EKU (ESC2);Wysokie;Niski;Szablony dostępne dla użytkowników mają konkretne EKU.;Certyfikat „do wszystkiego” może posłużyć do uwierzytelnienia lub jako agent rejestracji.;Certipy: certipy find -u <user>@<domena> -vulnerable -stdout (sekcja ESC2). BloodHound CE: krawędzie AD CS (ESC2).;Certipy, BloodHound, PingCastle;A-CertTempAnyPurpose;ESC2;"Ustaw konkretne EKU; ogranicz uprawnienia Enroll.";;T1649
PKI-03;PKI (AD CS);Kontrola szablonów Enrollment Agent (ESC3);Wysokie;Niski;Szablony z EKU Certificate Request Agent dostępne tylko dla wyznaczonych osób, z ograniczeniami agentów na CA.;Agent rejestracji może wnioskować o certyfikaty w imieniu dowolnego użytkownika.;Certipy: certipy find -u <user>@<domena> -vulnerable -stdout (sekcja ESC3). BloodHound CE: krawędzie AD CS (ESC3).;Certipy, BloodHound, PingCastle;A-CertTempAgent;ESC3;"Ogranicz Enroll; na CA: Properties > Enrollment Agents > Restrict enrollment agents (kto, dla kogo, jakie szablony).";;T1649
PKI-04;PKI (AD CS);Brak niebezpiecznych uprawnień na szablonach (ESC4);Krytyczne;Niski;Tylko administratorzy PKI mają Write/FullControl/WriteDacl/WriteOwner na szablonach.;Modyfikacja szablonu pozwala zamienić go w ESC1.;Certipy: certipy find -u <user>@<domena> -vulnerable -stdout (sekcja ESC4). BloodHound CE: krawędzie AD CS (ESC4).;Certipy, BloodHound;;ESC4;Usuń uprawnienia zapisu dla Domain Users/Authenticated Users/Domain Computers i innych grup niebędących T0.;;T1649
PKI-05;PKI (AD CS);Ochrona obiektów PKI w AD i serwera CA (ESC5);Krytyczne;Średni;ACL na kontenerach Public Key Services (Configuration NC), obiekcie komputera CA i NTAuthCertificates ograniczone do T0.;Kontrola nad obiektami PKI = możliwość wystawiania zaufanych certyfikatów.;Certipy: certipy find -u <user>@<domena> -vulnerable -stdout (sekcja ESC5). BloodHound CE: krawędzie AD CS (ESC5).;Certipy, BloodHound;;ESC5;"Przegląd i korekta ACL w CN=Public Key Services,CN=Services,CN=Configuration; serwer CA w T0.";;T1649
PKI-06;PKI (AD CS);Flaga EDITF_ATTRIBUTESUBJECTALTNAME2 wyłączona na CA (ESC6);Krytyczne;Niski;CA nie akceptuje SAN podanego w atrybutach wniosku.;Każdy szablon z uwierzytelnianiem klienta staje się podatny jak ESC1.;Certipy: certipy find -u <user>@<domena> -vulnerable -stdout (sekcja ESC6). BloodHound CE: krawędzie AD CS (ESC6).;Certipy, BloodHound;;ESC6;"certutil -config ""<CA_host>\<CA_name>"" -setreg policy\EditFlags -EDITF_ATTRIBUTESUBJECTALTNAME2
net stop certsvc && net start certsvc";;T1649
PKI-07;PKI (AD CS);Uprawnienia ManageCA / ManageCertificates tylko dla adminów PKI (ESC7);Krytyczne;Niski;Tylko administratorzy PKI mają uprawnienia zarządzania CA i certyfikatami.;Pozwala włączyć ESC6 lub zatwierdzać własne złośliwe wnioski.;Certipy: certipy find -u <user>@<domena> -vulnerable -stdout (sekcja ESC7). BloodHound CE: krawędzie AD CS (ESC7).;Certipy, BloodHound;;ESC7;certsrv.msc > Właściwości CA > Security: usuń Manage CA / Issue and Manage Certificates dla grup nieuprawnionych.;;T1649
PKI-08;PKI (AD CS);Web Enrollment / CES chronione przed NTLM relay (ESC8);Krytyczne;Średni;Brak HTTP Web Enrollment lub: tylko HTTPS + Extended Protection for Authentication + wyłączony NTLM.;Wymuszenie uwierzytelnienia DC + relay do Web Enrollment = certyfikat DC = przejęcie domeny.;Certipy: certipy find -u <user>@<domena> -vulnerable -stdout (sekcja ESC8). BloodHound CE: krawędzie AD CS (ESC8).;Certipy, BloodHound, PingCastle;A-CertEnrollHttp;ESC8;"1. Jeśli nieużywane – odinstaluj rolę Certification Authority Web Enrollment/CES.
2. W przeciwnym razie: tylko HTTPS, włącz EPA (IIS > Windows Authentication > Advanced > Extended Protection = Required), wyłącz NTLM (tylko Negotiate:Kerberos).";Sprawdź, kto korzysta z /certsrv.;T1649
PKI-09;PKI (AD CS);Silne mapowanie certyfikatów na DC (ESC9, ESC10);Wysokie;Średni;DC wymuszają silne mapowanie certyfikatów (StrongCertificateBindingEnforcement=2), szablony nie mają CT_FLAG_NO_SECURITY_EXTENSION, Schannel nie mapuje po UPN.;Słabe mapowanie pozwala uwierzytelnić się certyfikatem jako inne konto.;Certipy: certipy find -u <user>@<domena> -vulnerable -stdout (sekcja ESC9/ESC10). BloodHound CE: krawędzie AD CS (ESC9/ESC10).;Certipy, BloodHound;;ESC9/ESC10;"1. HKLM\SYSTEM\CurrentControlSet\Services\Kdc StrongCertificateBindingEnforcement = 2 (Microsoft przeszedł na pełne wymuszanie w 2025 r. – sprawdź poprawki DC).
2. Usuń flagę No Security Extension z szablonów (certutil -dstemplate).
3. HKLM\SYSTEM\CurrentControlSet\Control\SecurityProviders\Schannel CertificateMappingMethods bez 0x4 (UPN).";;T1649
PKI-10;PKI (AD CS);Wymuszone szyfrowanie żądań RPC do CA (ESC11);Wysokie;Niski;CA wymaga szyfrowania żądań ICPR (IF_ENFORCEENCRYPTICERTREQUEST).;Bez tego możliwy NTLM relay do interfejsu RPC CA.;Certipy: certipy find -u <user>@<domena> -vulnerable -stdout (sekcja ESC11). BloodHound CE: krawędzie AD CS (ESC11).;Certipy, BloodHound;;ESC11;"certutil -config ""<CA_host>\<CA_name>"" -setreg CA\InterfaceFlags +IF_ENFORCEENCRYPTICERTREQUEST; restart certsvc.";;T1649
PKI-11;PKI (AD CS);Polityki wystawiania powiązane z grupami (ESC13);Średnie;Niski;Issuance policies z msDS-OIDToGroupLink nie są dostępne w szablonach dla szerokich grup.;Certyfikat daje członkostwo w powiązanej grupie uprzywilejowanej.;Certipy: certipy find -u <user>@<domena> -vulnerable -stdout (sekcja ESC13). BloodHound CE: krawędzie AD CS (ESC13).;Certipy, BloodHound;;ESC13;"Przejrzyj powiązania OID→grupa; ogranicz Enroll dla szablonów z takimi politykami.";;T1649
PKI-12;PKI (AD CS);Słabe jawne mapowania altSecurityIdentities (ESC14);Średnie;Niski;Brak słabych mapowań (X509IssuerSubject, X509SubjectOnly, X509RFC822) i kontrola zapisu atrybutu altSecurityIdentities.;Pozwala uwierzytelnić się certyfikatem jako konto z mapowaniem.;Certipy: certipy find -u <user>@<domena> -vulnerable -stdout (sekcja ESC14). BloodHound CE: krawędzie AD CS (ESC14).;Certipy, BloodHound;;ESC14;"Zamień na silne mapowania (X509IssuerSerialNumber, X509SKI, X509SHA1PublicKey); usuń nadmiarowe prawa zapisu altSecurityIdentities.";;T1649
PKI-13;PKI (AD CS);Poprawka dla szablonów w schemacie v1 (ESC15 / CVE-2024-49019);Wysokie;Niski;"CA ma poprawkę z listopada 2024; szablony v1 z „Supply in request” wycofane lub zastąpione wersją v2+.";Pozwala dodać dowolne zasady aplikacji do certyfikatu z szablonu v1 (np. WebServer).;Certipy: certipy find -u <user>@<domena> -vulnerable -stdout (sekcja ESC15). BloodHound CE: krawędzie AD CS (ESC15).;Certipy, BloodHound;;ESC15;"Zainstaluj poprawki na CA; zduplikuj szablony v1 (np. WebServer) do nowej wersji i ogranicz Enroll.";;T1649
PKI-14;PKI (AD CS);Rozszerzenie bezpieczeństwa SID nie jest wyłączone na CA (ESC16);Wysokie;Niski;CA nie ma szOID_NTDS_CA_SECURITY_EXT (1.3.6.1.4.1.311.25.2) na liście DisableExtensionList.;Wszystkie certyfikaty są podatne na słabe mapowanie (jak ESC9) w całej domenie.;Certipy: certipy find -u <user>@<domena> -vulnerable -stdout (sekcja ESC16). BloodHound CE: krawędzie AD CS (ESC16).;Certipy, BloodHound;;ESC16;"certutil -config ""<CA_host>\<CA_name>"" -setreg policy\DisableExtensionList -1.3.6.1.4.1.311.25.2; restart certsvc.";;T1649
PKI-15;PKI (AD CS);Serwery CA traktowane jako T0;Krytyczne;Średni;"Serwery CA administrowane kontami T0, z PAW, chronione jak DC; klucz CA chroniony (HSM lub co najmniej backup w sejfie).";Przejęcie CA pozwala wystawić certyfikat dla dowolnego konta (Golden Certificate).;Przegląd lokalnych administratorów CA, agentów, kopii zapasowych klucza.;Ręcznie, BloodHound;;;"Konta admin CA = T0; brak agentów z niższych warstw; backup klucza CA offline; rozważ HSM.";;T1649
PKI-16;PKI (AD CS);Offline Root CA, ważność i dostępność CRL/AIA;Średnie;Średni;Root CA offline, publikacja CRL/AIA dostępna i aktualna, rozsądne okresy ważności.;"Niedostępna CRL może zablokować uwierzytelnianie; online root CA to łatwiejszy cel.";"pkiview.msc; certutil -verify -urlfetch <cert>";Ręcznie;;;"Root offline, subordinate issuing CA; monitorowanie ważności CRL; procedura ponownego podpisu CRL.";;
PKI-17;PKI (AD CS);Audyt AD CS włączony;Średnie;Niski;Włączony audyt CA (wnioski, wystawienia, zmiany szablonów i konfiguracji) i wysyłka do SIEM.;Pozwala wykryć nadużycia ESC i wystawienie nieuprawnionych certyfikatów.;"certutil -getreg CA\AuditFilter; auditpol: Object Access > Certification Services.";Ręcznie, SIEM;;;"certutil -setreg CA\AuditFilter 127; włącz podkategorię Certification Services (S/F); zdarzenia 4886/4887/4888/4898/4899/4900 do SIEM.";;T1649
PKI-18;PKI (AD CS);Nieużywane szablony wycofane z publikacji;Niskie;Niski;Na CA opublikowane są tylko szablony w użyciu.;Mniej szablonów = mniejsza powierzchnia ataku.;certipy find (lista opublikowanych szablonów) vs faktyczne użycie.;Certipy;;;certsrv.msc > Certificate Templates > usuń nieużywane z publikacji (szablon zostaje w AD, ale nie jest wystawiany).;;
EP-01;Końcówki – poświadczenia;Credential Guard włączony;Wysokie;Średni;VBS i Credential Guard działają na stacjach i serwerach (poza DC).;Chroni hashe NTLM i bilety Kerberos przed kradzieżą z pamięci (Mimikatz).;"(Get-CimInstance -Namespace root\Microsoft\Windows\DeviceGuard -ClassName Win32_DeviceGuard).SecurityServicesRunning zawiera 1; msinfo32.";PowerShell, Intune/SCCM;;;"GPO: Computer > Administrative Templates > System > Device Guard > Turn On Virtualization Based Security = Enabled; Platform Security Level = Secure Boot (and DMA Protection); Credential Guard Configuration = Enabled with UEFI lock (lub without lock na etapie pilotażu).
Windows 11 22H2+ Enterprise włącza go domyślnie na zgodnym sprzęcie.";Blokuje NTLMv1, MS-CHAPv2 (stare VPN/Wi-Fi PEAP), delegację nieograniczoną i DES dla chronionych poświadczeń – pilotaż.;T1003.001
EP-02;Końcówki – poświadczenia;Ochrona LSA (LSASS jako proces chroniony);Wysokie;Niski;LSASS działa jako PPL (RunAsPPL).;Utrudnia zrzut pamięci LSASS i wstrzykiwanie do niego.;"Zdarzenie 12 (Wininit) w dzienniku System po starcie; reg query HKLM\SYSTEM\CurrentControlSet\Control\Lsa /v RunAsPPL";PowerShell;;;"1. Audyt zgodności: HKLM\...\Image File Execution Options\LSASS.exe AuditLevel=8 (zdarzenia 3065/3066).
2. GPO: Computer > Administrative Templates > System > Local Security Authority > Configure LSASS to run as a protected process = Enabled with UEFI Lock (RunAsPPL=1) lub without UEFI Lock (RunAsPPL=2, Win11 22H2+).";Niepodpisane wtyczki LSA (stare smart-card, SSO) przestaną się ładować.;T1003.001
EP-03;Końcówki – poświadczenia;WDigest wyłączony;Wysokie;Niski;Hasła nie są przechowywane w pamięci w postaci jawnej.;Włączony WDigest = hasła jawnym tekstem w pamięci.;reg query HKLM\SYSTEM\CurrentControlSet\Control\SecurityProviders\WDigest /v UseLogonCredential (brak lub 0).;PowerShell;;;Ustaw UseLogonCredential=0 (GPO Preferences) i alertuj w SIEM na zmianę tej wartości (Sysmon 13).;;T1003.001
EP-04;Końcówki – poświadczenia;Ograniczone buforowanie poświadczeń;Średnie;Niski;Serwery nie buforują logowań (0–1), stacje 1–2.;Bufor poświadczeń (DCC2) może zostać złamany offline.;GPO: Interactive logon: Number of previous logons to cache.;GPO;;;"Serwery: 0–1; laptopy: 1–2 (praca bez VPN).";Za niska wartość na laptopach uniemożliwi logowanie offline.;T1003.005
EP-05;Końcówki – poświadczenia;Konta lokalne bez logowania sieciowego i RDP;Wysokie;Niski;Lokalne konta administratorów nie mogą logować się przez sieć/RDP.;Blokuje ruch boczny z użyciem lokalnych haseł (także gdy LAPS nie jest wszędzie).;GPO: User Rights Assignment. Rejestr: LocalAccountTokenFilterPolicy (brak lub 0).;GPO, PowerShell;;;GPO dla stacji/serwerów: Deny access to this computer from the network i Deny log on through Remote Desktop Services = „Local account and member of Administrators group” (S-1-5-114). Upewnij się, że LocalAccountTokenFilterPolicy ≠ 1.;;T1021.002
EP-06;Końcówki – poświadczenia;Remote Credential Guard / Restricted Admin dla RDP administratorów;Średnie;Niski;Administratorzy łączą się RDP bez wysyłania poświadczeń na serwer docelowy.;Poświadczenia admina nie zostają w pamięci serwera, z którym się łączy.;GPO: Restrict delegation of credentials to remote servers.;GPO;;;"GPO: Computer > Administrative Templates > System > Credentials Delegation > Restrict delegation of credentials to remote servers = Require Remote Credential Guard (lub Restrict Credential Delegation); połączenia: mstsc /remoteGuard.";;T1021.001
EP-10;Końcówki – PowerShell i skrypty;PowerShell Constrained Language Mode wymuszony przez WDAC/AppLocker;Wysokie;Wysoki;Dla użytkowników (i niezaufanych skryptów) PowerShell działa w ConstrainedLanguage, wymuszonym przez App Control for Business (WDAC) lub AppLocker w trybie Enforce.;Blokuje większość złośliwego kodu PowerShell (wywołania .NET/Win32 API, wstrzykiwanie).;$ExecutionContext.SessionState.LanguageMode w sesji zwykłego użytkownika = ConstrainedLanguage.;PowerShell;;;"1. Wdroż WDAC (lub AppLocker ze skryptowymi regułami) – najpierw w trybie audytu.
2. Zaufane skrypty administracyjne podpisuj certyfikatem i dopuszczaj w polityce.
3. NIE polegaj na zmiennej __PSLockdownPolicy – nie jest granicą bezpieczeństwa.
4. Dla administracji zdalnej rozważ JEA.";Skrypty logowania i narzędzia IT muszą być podpisane lub dopuszczone – duży wysiłek wdrożeniowy.;T1059.001
EP-11;Końcówki – PowerShell i skrypty;PowerShell 2.0 usunięty;Średnie;Niski;Silnik PowerShell 2.0 nie jest zainstalowany (brak możliwości obejścia logowania i CLM przez powershell -version 2).;Downgrade do PS 2.0 omija logowanie i AMSI.;Get-WindowsOptionalFeature -Online -FeatureName MicrosoftWindowsPowerShellV2Root;PowerShell;;;Disable-WindowsOptionalFeature -Online -FeatureName MicrosoftWindowsPowerShellV2Root (w najnowszych wersjach Windows komponent został już usunięty).;Bardzo stare skrypty mogą wymagać PS 2.0 – rzadkie.;T1059.001
EP-12;Końcówki – PowerShell i skrypty;Logowanie PowerShell na końcówkach;Średnie;Niski;"Script Block Logging (4104) włączone, zdarzenia trafiają do SIEM/EDR; opcjonalnie transkrypcja do chronionego udziału.";Widoczność złośliwych skryptów, także zaciemnionych.;Zdarzenia 4104 z końcówek w SIEM.;SIEM;;;"GPO: Windows Components > Windows PowerShell > Turn on PowerShell Script Block Logging = Enabled; Module Logging = Enabled; (opcjonalnie) Transcription do udziału z uprawnieniem tylko zapisu.";Wolumen logów – filtruj w SIEM.;T1059.001
EP-13;Końcówki – PowerShell i skrypty;Kontrola aplikacji (WDAC/AppLocker);Wysokie;Wysoki;Użytkownicy nie mogą uruchamiać plików wykonywalnych z katalogów zapisywalnych (Downloads, AppData, Temp).;Blokuje większość malware dostarczanego przez phishing.;"Get-AppLockerPolicy -Effective; stan polityk WDAC (CiTool --list-policies).";PowerShell;;;Etap 1: AppLocker/WDAC – reguły domyślne (Windows, Program Files) w trybie audytu → enforce. Etap 2: blokada LOLBinów niepotrzebnych użytkownikom (mshta, wscript, cscript, regsvr32 dla użytkowników).;Wymaga inwentaryzacji aplikacji.;T1204.002
EP-14;Końcówki – PowerShell i skrypty;Makra Office z internetu zablokowane;Wysokie;Niski;"Makra w plikach z Mark-of-the-Web są blokowane; pozostałe tylko podpisane.";Makra to jedna z głównych dróg infekcji.;GPO/Intune: ustawienia Trust Center dla Word/Excel/PowerPoint.;GPO;;;"User Configuration > Administrative Templates > Microsoft Office > [aplikacja] > Options > Security > Trust Center: Block macros from running in Office files from the Internet = Enabled; VBA Macro Notification Settings = Disable all except digitally signed macros.";Działy używające makr – podpisywanie makr.;T1204.002
EP-15;Końcówki – PowerShell i skrypty;Blokada Windows Script Host / HTA dla użytkowników;Średnie;Niski;Pliki .js, .vbs, .wsf, .hta nie uruchamiają się dwuklikiem.;Częsty ładunek w załącznikach i archiwach.;"Sprawdź skojarzenia plików; test dwukliku na pliku .js.";GPO;;;"GPO Preferences: skojarz .js/.jse/.vbs/.vbe/.wsf/.hta z notepad.exe; lub HKCU\Software\Microsoft\Windows Script Host\Settings Enabled=0 dla użytkowników; blokada mshta w WDAC/AppLocker.";;T1059.005
EP-20;Końcówki – ochrona systemu;Reguły ASR (Defender) w trybie blokowania;Wysokie;Średni;Kluczowe reguły Attack Surface Reduction włączone w trybie Block.;Blokują typowe techniki: kradzież z LSASS, procesy potomne Office, uruchamianie z poczty.;Get-MpPreference | Select AttackSurfaceReductionRules_Ids,AttackSurfaceReductionRules_Actions;PowerShell, Defender;;;"Priorytetowe reguły (Block = 1), najpierw audyt (2):
• Block credential stealing from LSASS – 9e6c4e1f-7d60-472f-ba1a-a39ef669e4b2
• Block Office apps from creating child processes – d4f940ab-401b-4efc-aadc-ad5f3c50688a
• Block executable content from email – be9ba2d9-53ea-4cdc-84e5-9b1eeee46550
• Block abuse of exploited vulnerable signed drivers – 56a863a9-875e-4185-98a7-b882c64b5ce5
• Block JS/VBS from launching downloaded executable content – d3e037e1-3eb8-44c8-a917-57927947596d
GUID-y zweryfikuj z aktualną dokumentacją Microsoft.";Tryb audytu przez 2–4 tygodnie, potem wyjątki i Block.;T1003.001, T1204
EP-21;Końcówki – ochrona systemu;EDR na wszystkich hostach i ochrona przed manipulacją;Krytyczne;Średni;EDR/AV zainstalowany i raportujący na 100% stacji i serwerów, Tamper Protection włączona.;Host bez EDR to ślepa plamka – atakujący wybiera właśnie taki.;Porównanie liczby hostów w AD z konsolą EDR.;Konsola EDR, PowerShell;;;"Raport pokrycia (AD vs EDR) co miesiąc; włącz Tamper Protection; alert na wyłączenie agenta.";;T1562.001
EP-22;Końcówki – ochrona systemu;VBS / HVCI i Secure Boot;Średnie;Średni;"Secure Boot i Memory Integrity (HVCI) włączone; blokowanie podatnych sterowników.";Utrudnia ładowanie złośliwych i podatnych sterowników (BYOVD).;msinfo32: Secure Boot State, Virtualization-based security Services Running.;PowerShell;;;"GPO Device Guard: Virtualization Based Protection of Code Integrity = Enabled with UEFI lock; Microsoft vulnerable driver blocklist włączona.";Stare sterowniki mogą być niezgodne – test.;T1068
EP-23;Końcówki – ochrona systemu;Szyfrowanie dysków (BitLocker);Średnie;Średni;Laptopy i stacje szyfrowane (TPM, na laptopach TPM+PIN), klucze odzyskiwania w AD/Entra.;Chroni dane i poświadczenia z buforu przy utracie sprzętu.;"manage-bde -status; raport kluczy w AD.";PowerShell;;;GPO BitLocker: wymuś szyfrowanie dysku systemowego, zapis kluczy odzyskiwania w AD DS przed szyfrowaniem.;;T1005
EP-24;Końcówki – ochrona systemu;Wspierane systemy operacyjne na końcówkach i serwerach;Wysokie;Wysoki;Brak systemów po końcu wsparcia (np. Windows 7/8.1, Server 2008/2012) lub są odizolowane.;Systemy bez poprawek to łatwy punkt wejścia.;PingCastle: Operating systems. Get-ADComputer -Filter {Enabled -eq $true} -Properties OperatingSystem | Group OperatingSystem;PingCastle, PowerShell;;;"Plan migracji; do czasu migracji – segmentacja, brak logowania kont uprzywilejowanych, ESU jeśli dostępne.";;T1210
EP-30;Końcówki – sieć i dostęp zdalny;Firewall hosta blokuje ruch między stacjami;Wysokie;Średni;Stacje nie przyjmują połączeń SMB/RPC/RDP/WinRM od innych stacji (tylko z podsieci zarządzających).;Zatrzymuje ruch boczny i rozprzestrzenianie ransomware.;"GPO Windows Defender Firewall; test połączeń stacja→stacja.";GPO, skaner;;;"GPO: reguły przychodzące 445/135/139/3389/5985-5986 tylko z podsieci IT/PAW; domyślnie blokuj przychodzące na profilu domenowym stacji.";Narzędzia helpdesku wymagające dostępu do stacji – dopuść z podsieci IT.;T1021
EP-31;Końcówki – sieć i dostęp zdalny;RDP i WinRM ograniczone do administracji;Średnie;Niski;"RDP z NLA, dostęp tylko dla wyznaczonych grup i z jump hostów; WinRM tylko z podsieci zarządzających.";Ogranicza zdalne logowanie po przejęciu poświadczeń.;"GPO: Allow log on through Remote Desktop Services; konfiguracja WinRM (TrustedHosts nie *).";GPO;;;"Grupy Remote Desktop Users per warstwa; NLA wymagane; WinRM: listener tylko HTTPS lub ograniczony firewall; JEA dla zadań rutynowych.";;T1021.001
EP-32;Końcówki – sieć i dostęp zdalny;Brak użytkowników domenowych w lokalnych administratorach;Wysokie;Średni;Lokalna grupa Administrators zawiera tylko konto LAPS i właściwą grupę admin danej warstwy.;Szerokie uprawnienia lokalnego admina (np. Domain Users) ułatwiają kradzież poświadczeń i ruch boczny.;BloodHound: AdminTo z grup szerokich (Domain Users, Authenticated Users).;BloodHound, GPO;;;"GPO Restricted Groups / Group Policy Preferences (Local Users and Groups) – ustaw członków lokalnych Administrators per OU; usuń Domain Users itp.";;T1078.003
